customer_id,name,email,phone,city,state,signup_date
1,Sneha Sharma,sneha.sharma1@example.com,9433218196,Mumbai,MH,2023-01-31
2,Rahul Nair,rahul.nair2@example.com,9389083863,Ahmedabad,GJ,2024-08-26
3,Pooja Sharma,pooja.sharma3@example.com,9265423511,Kolkata,WB,2023-04-10
4,Isha Ghosh,isha.ghosh4@example.com,9940781618,Hyderabad,TS,2024-10-05
5,Ritu Ghosh,ritu.ghosh5@example.com,9931034131,Kolkata,WB,2023-10-12
6,Deepak Ghosh,deepak.ghosh6@example.com,9255341928,Chennai,TN,2023-06-17
7,Deepak Kulkarni,deepak.kulkarni7@example.com,9483503056,Hyderabad,TS,2023-03-09
8,Rohan Naidu,rohan.naidu8@example.com,9537672423,Jaipur,RJ,2024-07-05
9,Pooja Naidu,pooja.naidu9@example.com,9696532871,Mumbai,MH,2023-04-23
10,Vikram Iyer,vikram.iyer10@example.com,9691669784,Jaipur,RJ,2023-01-12
11,Sneha Shetty,sneha.shetty11@example.com,9451462704,Jaipur,RJ,2023-07-02
12,Sanjay Patel,sanjay.patel12@example.com,9489325288,Mumbai,MH,2024-09-05
13,Arjun Chopra,arjun.chopra13@example.com,9015430391,Delhi,DL,2024-05-12
14,Rahul Shetty,rahul.shetty14@example.com,9227824896,Chennai,TN,2024-07-06
15,Rohan Mehta,rohan.mehta15@example.com,9657871331,Pune,MH,2023-01-22
16,Aditya Shetty,aditya.shetty16@example.com,9393010310,Pune,MH,2023-03-14
17,Sanjay Khan,sanjay.khan17@example.com,9473829973,Ahmedabad,GJ,2024-02-21
18,Rohan Patel,rohan.patel18@example.com,9165667010,Kolkata,WB,2023-12-14
19,Sneha Khan,sneha.khan19@example.com,9338726247,Chennai,TN,2023-03-19
20,Deepak Shetty,deepak.shetty20@example.com,9108013267,Ahmedabad,GJ,2023-08-07
21,Varun Verma,varun.verma21@example.com,9260647468,Ahmedabad,GJ,2023-06-08
22,Rohan Mehta,rohan.mehta22@example.com,9309805009,Ahmedabad,GJ,2024-05-29
23,Sanjay Iyer,sanjay.iyer23@example.com,9081219136,Delhi,DL,2024-08-06
24,Karan Naidu,karan.naidu24@example.com,9909169985,Hyderabad,TS,2023-07-29
25,Arjun Khan,arjun.khan25@example.com,9462475107,Lucknow,UP,2024-07-30
26,Sneha Singh,sneha.singh26@example.com,9838425135,Hyderabad,TS,2023-06-11
27,Deepak Shetty,deepak.shetty27@example.com,9498084124,Delhi,DL,2023-04-20
28,Tanvi Reddy,tanvi.reddy28@example.com,9449353487,Hyderabad,TS,2023-02-22
29,Rahul Bose,rahul.bose29@example.com,9400524278,Kolkata,WB,2024-07-28
30,Amit Patel,amit.patel30@example.com,9128059826,Bengaluru,KA,2023-02-12
31,Neha Ghosh,neha.ghosh31@example.com,9053315869,Bengaluru,KA,2023-08-31
32,Anita Iyer,anita.iyer32@example.com,9602563421,Kolkata,WB,2023-02-09
33,Meera Khan,meera.khan33@example.com,9375433036,Pune,MH,2023-10-13
34,Rahul Gupta,rahul.gupta34@example.com,9586850142,Lucknow,UP,2023-09-29
35,Priya Patel,priya.patel35@example.com,9965569816,Lucknow,UP,2023-07-14
36,Pooja Verma,pooja.verma36@example.com,9608835615,Lucknow,UP,2023-11-18
37,Sneha Mehta,sneha.mehta37@example.com,9846564823,Kolkata,WB,2024-11-11
38,Varun Iyer,varun.iyer38@example.com,9994680443,Kolkata,WB,2024-08-16
39,Ritu Das,ritu.das39@example.com,9777387214,Jaipur,RJ,2024-11-10
40,Ritu Das,ritu.das40@example.com,9134332003,Ahmedabad,GJ,2024-09-17
41,Rahul Yadav,rahul.yadav41@example.com,9693676320,Delhi,DL,2024-03-11
42,Karan Iyer,karan.iyer42@example.com,9870831727,Jaipur,RJ,2024-07-26
43,Ritu Das,ritu.das43@example.com,9798687277,Hyderabad,TS,2023-09-11
44,Pooja Bhat,pooja.bhat44@example.com,9734714345,Pune,MH,2024-07-07
45,Rahul Reddy,rahul.reddy45@example.com,9236231665,Jaipur,RJ,2024-04-22
46,Kavya Verma,kavya.verma46@example.com,9366909670,Pune,MH,2023-11-02
47,Varun Bose,varun.bose47@example.com,9889373467,Mumbai,MH,2024-02-03
48,Arjun Kulkarni,arjun.kulkarni48@example.com,9272980699,Mumbai,MH,2023-03-27
49,Kavya Reddy,kavya.reddy49@example.com,9720465375,Pune,MH,2024-01-24
50,Pooja Bose,pooja.bose50@example.com,9417080531,Mumbai,MH,2023-02-01
51,Karan Nair,karan.nair51@example.com,9092327193,Ahmedabad,GJ,2024-12-17
52,Pooja Ghosh,pooja.ghosh52@example.com,9299124190,Hyderabad,TS,2024-08-12
53,Varun Kulkarni,varun.kulkarni53@example.com,9319314919,Mumbai,MH,2023-12-22
54,Tanvi Bose,tanvi.bose54@example.com,9518506716,Pune,MH,2024-10-12
55,Deepak Reddy,deepak.reddy55@example.com,9628498776,Lucknow,UP,2023-10-02
56,Arjun Khan,arjun.khan56@example.com,9147379965,Mumbai,MH,2024-05-21
57,Arjun Iyer,arjun.iyer57@example.com,9735454948,Mumbai,MH,2024-06-13
58,Rohan Singh,rohan.singh58@example.com,9367837770,Delhi,DL,2023-10-29
59,Karan Kulkarni,karan.kulkarni59@example.com,9349578856,Jaipur,RJ,2023-12-05
60,Isha Yadav,isha.yadav60@example.com,9444313518,Bengaluru,KA,2023-07-16
61,Rohan Chopra,rohan.chopra61@example.com,9498941343,Pune,MH,2023-07-03
62,Neha Sharma,neha.sharma62@example.com,9824008427,Delhi,DL,2023-01-13
63,Aditya Mehta,aditya.mehta63@example.com,9777520471,Delhi,DL,2024-02-15
64,Meera Singh,meera.singh64@example.com,9902294131,Jaipur,RJ,2024-03-02
65,Ritu Pillai,ritu.pillai65@example.com,9938677496,Hyderabad,TS,2024-08-05
66,Ritu Verma,ritu.verma66@example.com,9913341232,Jaipur,RJ,2023-03-18
67,Anita Sharma,anita.sharma67@example.com,9679740344,Ahmedabad,GJ,2023-03-14
68,Karan Gupta,karan.gupta68@example.com,9936183242,Delhi,DL,2023-03-03
69,Anita Mehta,anita.mehta69@example.com,9994717464,Jaipur,RJ,2024-07-06
70,Meera Yadav,meera.yadav70@example.com,9190659401,Chennai,TN,2024-11-21
71,Aditya Naidu,aditya.naidu71@example.com,9049027874,Bengaluru,KA,2024-08-22
72,Kavya Chopra,kavya.chopra72@example.com,9175655125,Kolkata,WB,2024-12-11
73,Meera Mehta,meera.mehta73@example.com,9680715451,Kolkata,WB,2024-06-10
74,Amit Shetty,amit.shetty74@example.com,9760385977,Mumbai,MH,2023-07-28
75,Pooja Shetty,pooja.shetty75@example.com,9247710932,Hyderabad,TS,2024-07-18
76,Amit Shetty,amit.shetty76@example.com,9613171274,Jaipur,RJ,2024-12-23
77,Pooja Bose,pooja.bose77@example.com,9773782639,Jaipur,RJ,2023-05-20
78,Rahul Gupta,rahul.gupta78@example.com,9658404499,Ahmedabad,GJ,2023-06-02
79,Deepak Shetty,deepak.shetty79@example.com,9755886753,Chennai,TN,2024-08-08
80,Varun Khan,varun.khan80@example.com,9605766270,Bengaluru,KA,2024-05-29
81,Aditya Das,aditya.das81@example.com,9171870262,Delhi,DL,2024-04-25
82,Pooja Das,pooja.das82@example.com,9961586578,Mumbai,MH,2024-09-24
83,Rahul Khan,rahul.khan83@example.com,9431611724,Mumbai,MH,2023-02-17
84,Arjun Verma,arjun.verma84@example.com,9455623869,Bengaluru,KA,2023-06-24
85,Anita Singh,anita.singh85@example.com,9969379237,Hyderabad,TS,2024-04-15
86,Pooja Sharma,pooja.sharma86@example.com,9748217594,Kolkata,WB,2024-12-07
87,Pooja Yadav,pooja.yadav87@example.com,9436713695,Lucknow,UP,2023-10-30
88,Neha Sharma,neha.sharma88@example.com,9640909743,Lucknow,UP,2023-12-27
89,Karan Nair,karan.nair89@example.com,9942104709,Pune,MH,2023-05-15
90,Rahul Mehta,rahul.mehta90@example.com,9562328588,Hyderabad,TS,2023-06-18
91,Pooja Chopra,pooja.chopra91@example.com,9451712368,Pune,MH,2023-04-03
92,Varun Sharma,varun.sharma92@example.com,9481754965,Delhi,DL,2024-11-22
93,Karan Chopra,karan.chopra93@example.com,9098593174,Kolkata,WB,2023-04-30
94,Vikram Verma,vikram.verma94@example.com,9047113826,Ahmedabad,GJ,2024-01-15
95,Tanvi Bose,tanvi.bose95@example.com,9926179640,Pune,MH,2023-08-11
96,Deepak Yadav,deepak.yadav96@example.com,9351585064,Chennai,TN,2023-05-06
97,Deepak Singh,deepak.singh97@example.com,9390053293,Delhi,DL,2024-07-21
98,Rohan Naidu,rohan.naidu98@example.com,9335290422,Jaipur,RJ,2023-09-14
99,Anita Patel,anita.patel99@example.com,9020539502,Hyderabad,TS,2023-02-23
100,Vikram Bose,vikram.bose100@example.com,9811775891,Ahmedabad,GJ,2024-05-30
101,Karan Pillai,karan.pillai101@example.com,9084700766,Delhi,DL,2024-05-17
102,Deepak Singh,deepak.singh102@example.com,9159212499,Jaipur,RJ,2024-12-30
103,Arjun Kulkarni,arjun.kulkarni103@example.com,9984789611,Jaipur,RJ,2023-08-09
104,Kavya Yadav,kavya.yadav104@example.com,9365766156,Pune,MH,2024-11-12
105,Pooja Ghosh,pooja.ghosh105@example.com,9271111615,Bengaluru,KA,2024-07-23
106,Priya Naidu,priya.naidu106@example.com,9885165604,Lucknow,UP,2023-11-16
107,Isha Patel,isha.patel107@example.com,9983273158,Pune,MH,2023-04-28
108,Pooja Naidu,pooja.naidu108@example.com,9368998094,Mumbai,MH,2023-07-04
109,Pooja Mehta,pooja.mehta109@example.com,9550229612,Mumbai,MH,2023-04-04
110,Sanjay Nair,sanjay.nair110@example.com,9667525459,Lucknow,UP,2023-03-28
111,Priya Reddy,priya.reddy111@example.com,9290147679,Ahmedabad,GJ,2024-02-29
112,Pooja Nair,pooja.nair112@example.com,9815614978,Hyderabad,TS,2023-02-16
113,Karan Kulkarni,karan.kulkarni113@example.com,9900343244,Pune,MH,2023-05-03
114,Amit Chopra,amit.chopra114@example.com,9622683885,Delhi,DL,2024-02-11
115,Priya Bose,priya.bose115@example.com,9071596966,Hyderabad,TS,2023-04-28
116,Varun Sharma,varun.sharma116@example.com,9529751613,Kolkata,WB,2024-08-26
117,Varun Bhat,varun.bhat117@example.com,9164535218,Delhi,DL,2024-06-27
118,Sanjay Nair,sanjay.nair118@example.com,9552312432,Lucknow,UP,2023-06-06
119,Rahul Iyer,rahul.iyer119@example.com,9779979955,Bengaluru,KA,2024-03-26
120,Rahul Chopra,rahul.chopra120@example.com,9744905814,Ahmedabad,GJ,2024-04-07
121,Priya Verma,priya.verma121@example.com,9541199867,Lucknow,UP,2024-07-21
122,Priya Yadav,priya.yadav122@example.com,9935978207,Delhi,DL,2023-12-18
123,Rahul Bhat,rahul.bhat123@example.com,9203778892,Pune,MH,2024-01-17
124,Neha Kulkarni,neha.kulkarni124@example.com,9659051518,Kolkata,WB,2023-10-18
125,Pooja Pillai,pooja.pillai125@example.com,9251925462,Lucknow,UP,2024-12-26
126,Rahul Mehta,rahul.mehta126@example.com,9865281685,Mumbai,MH,2024-01-07
127,Neha Iyer,neha.iyer127@example.com,9357332214,Delhi,DL,2024-06-03
128,Tanvi Bhat,tanvi.bhat128@example.com,9059296222,Lucknow,UP,2023-06-19
129,Deepak Verma,deepak.verma129@example.com,9653794738,Chennai,TN,2023-11-13
130,Meera Nair,meera.nair130@example.com,9597746886,Bengaluru,KA,2023-07-24
131,Ritu Reddy,ritu.reddy131@example.com,9407581814,Delhi,DL,2023-06-14
132,Pooja Yadav,pooja.yadav132@example.com,9826137506,Mumbai,MH,2024-02-10
133,Sanjay Ghosh,sanjay.ghosh133@example.com,9361530515,Bengaluru,KA,2023-05-21
134,Priya Mehta,priya.mehta134@example.com,9727790104,Chennai,TN,2023-06-03
135,Tanvi Pillai,tanvi.pillai135@example.com,9861434103,Kolkata,WB,2024-10-16
136,Ritu Yadav,ritu.yadav136@example.com,9117980893,Bengaluru,KA,2023-10-26
137,Kavya Sharma,kavya.sharma137@example.com,9953962185,Delhi,DL,2024-06-22
138,Tanvi Bhat,tanvi.bhat138@example.com,9880670654,Mumbai,MH,2024-01-01
139,Rahul Ghosh,rahul.ghosh139@example.com,9319520585,Bengaluru,KA,2024-12-02
140,Deepak Chopra,deepak.chopra140@example.com,9221704303,Mumbai,MH,2023-11-20
141,Neha Bhat,neha.bhat141@example.com,9687403450,Pune,MH,2023-10-07
142,Sneha Ghosh,sneha.ghosh142@example.com,9667652775,Jaipur,RJ,2023-10-01
143,Rahul Bose,rahul.bose143@example.com,9169284511,Pune,MH,2024-11-07
144,Neha Mehta,neha.mehta144@example.com,9796275705,Lucknow,UP,2024-03-21
145,Pooja Verma,pooja.verma145@example.com,9165820297,Mumbai,MH,2023-05-10
146,Rahul Khan,rahul.khan146@example.com,9556909275,Pune,MH,2024-03-30
147,Rahul Naidu,rahul.naidu147@example.com,9285654310,Bengaluru,KA,2024-05-26
148,Sanjay Kulkarni,sanjay.kulkarni148@example.com,9814473947,Chennai,TN,2023-05-06
149,Vikram Singh,vikram.singh149@example.com,9727155188,Hyderabad,TS,2023-11-04
150,Anita Iyer,anita.iyer150@example.com,9583132370,Pune,MH,2024-07-21
151,Aditya Ghosh,aditya.ghosh151@example.com,9782911467,Jaipur,RJ,2024-02-25
152,Kavya Naidu,kavya.naidu152@example.com,9125177852,Jaipur,RJ,2024-10-17
153,Aditya Iyer,aditya.iyer153@example.com,9268018242,Bengaluru,KA,2023-11-27
154,Karan Ghosh,karan.ghosh154@example.com,9841438424,Lucknow,UP,2024-06-30
155,Rahul Bhat,rahul.bhat155@example.com,9299229959,Mumbai,MH,2023-01-30
156,Rahul Verma,rahul.verma156@example.com,9943969078,Hyderabad,TS,2024-10-19
157,Neha Chopra,neha.chopra157@example.com,9364710276,Ahmedabad,GJ,2024-04-20
158,Rohan Das,rohan.das158@example.com,9925556258,Jaipur,RJ,2023-04-19
159,Arjun Khan,arjun.khan159@example.com,9714732104,Kolkata,WB,2024-09-22
160,Kavya Khan,kavya.khan160@example.com,9259532787,Ahmedabad,GJ,2023-11-12
161,Meera Sharma,meera.sharma161@example.com,9168733950,Mumbai,MH,2023-10-16
162,Meera Pillai,meera.pillai162@example.com,9748016245,Kolkata,WB,2024-01-10
163,Priya Kulkarni,priya.kulkarni163@example.com,9098358416,Jaipur,RJ,2024-04-06
164,Tanvi Gupta,tanvi.gupta164@example.com,9991216558,Pune,MH,2023-05-28
165,Rohan Pillai,rohan.pillai165@example.com,9868000257,Jaipur,RJ,2024-04-12
166,Vikram Pillai,vikram.pillai166@example.com,9825952694,Lucknow,UP,2023-12-11
167,Sanjay Bhat,sanjay.bhat167@example.com,9879470551,Kolkata,WB,2024-08-20
168,Neha Sharma,neha.sharma168@example.com,9974993097,Bengaluru,KA,2024-06-20
169,Ritu Kulkarni,ritu.kulkarni169@example.com,9230913075,Kolkata,WB,2023-06-05
170,Kavya Nair,kavya.nair170@example.com,9689702838,Pune,MH,2024-11-09
171,Meera Bhat,meera.bhat171@example.com,9652785854,Lucknow,UP,2024-05-10
172,Rohan Khan,rohan.khan172@example.com,9484344375,Ahmedabad,GJ,2023-12-24
173,Tanvi Gupta,tanvi.gupta173@example.com,9419866524,Mumbai,MH,2023-10-22
174,Rahul Ghosh,rahul.ghosh174@example.com,9747338484,Bengaluru,KA,2023-04-22
175,Ritu Naidu,ritu.naidu175@example.com,9330833016,Pune,MH,2024-04-28
176,Sneha Reddy,sneha.reddy176@example.com,9082677345,Hyderabad,TS,2024-10-23
177,Priya Singh,priya.singh177@example.com,9938026206,Ahmedabad,GJ,2023-07-10
178,Neha Verma,neha.verma178@example.com,9049915478,Jaipur,RJ,2024-05-20
179,Vikram Bhat,vikram.bhat179@example.com,9743152742,Mumbai,MH,2023-12-12
180,Neha Naidu,neha.naidu180@example.com,9329668516,Delhi,DL,2023-07-09
181,Vikram Chopra,vikram.chopra181@example.com,9530463745,Hyderabad,TS,2024-08-19
182,Aditya Sharma,aditya.sharma182@example.com,9453017426,Jaipur,RJ,2024-12-21
183,Neha Patel,neha.patel183@example.com,9459332727,Lucknow,UP,2024-01-18
184,Kavya Shetty,kavya.shetty184@example.com,9783391878,Pune,MH,2023-03-21
185,Aditya Patel,aditya.patel185@example.com,9088398225,Jaipur,RJ,2024-03-28
186,Sneha Nair,sneha.nair186@example.com,9971870728,Kolkata,WB,2024-04-12
187,Aditya Verma,aditya.verma187@example.com,9874064039,Delhi,DL,2023-02-16
188,Kavya Ghosh,kavya.ghosh188@example.com,9180170462,Bengaluru,KA,2024-10-18
189,Kavya Ghosh,kavya.ghosh189@example.com,9676618251,Bengaluru,KA,2024-07-04
190,Varun Bhat,varun.bhat190@example.com,9230047868,Kolkata,WB,2023-08-24
191,Karan Yadav,karan.yadav191@example.com,9524310690,Chennai,TN,2023-07-31
192,Rahul Patel,rahul.patel192@example.com,9907903067,Chennai,TN,2024-07-06
193,Rohan Verma,rohan.verma193@example.com,9284395995,Chennai,TN,2023-11-06
194,Vikram Bhat,vikram.bhat194@example.com,9364408926,Jaipur,RJ,2024-05-22
195,Priya Ghosh,priya.ghosh195@example.com,9685662462,Jaipur,RJ,2024-04-29
196,Karan Khan,karan.khan196@example.com,9427086688,Bengaluru,KA,2024-02-02
197,Karan Gupta,karan.gupta197@example.com,9351751830,Hyderabad,TS,2024-01-22
198,Ritu Pillai,ritu.pillai198@example.com,9013983735,Hyderabad,TS,2023-01-16
199,Rohan Nair,rohan.nair199@example.com,9173936385,Hyderabad,TS,2024-01-25
200,Deepak Shetty,deepak.shetty200@example.com,9544587717,Pune,MH,2023-07-28
201,Isha Das,isha.das201@example.com,9609320489,Lucknow,UP,2024-03-03
202,Neha Reddy,neha.reddy202@example.com,9353693785,Hyderabad,TS,2024-05-15
203,Meera Yadav,meera.yadav203@example.com,9252287280,Jaipur,RJ,2023-02-04
204,Rahul Verma,rahul.verma204@example.com,9062312038,Ahmedabad,GJ,2024-01-18
205,Priya Pillai,priya.pillai205@example.com,9977008860,Mumbai,MH,2024-06-26
206,Pooja Shetty,pooja.shetty206@example.com,9408621182,Chennai,TN,2023-07-16
207,Ritu Bhat,ritu.bhat207@example.com,9454615679,Chennai,TN,2024-12-14
208,Karan Mehta,karan.mehta208@example.com,9101666870,Mumbai,MH,2024-12-20
209,Anita Singh,anita.singh209@example.com,9765918033,Lucknow,UP,2024-05-01
210,Pooja Verma,pooja.verma210@example.com,9148902503,Lucknow,UP,2023-05-28
211,Varun Singh,varun.singh211@example.com,9429396856,Bengaluru,KA,2024-12-06
212,Rahul Bhat,rahul.bhat212@example.com,9501631599,Lucknow,UP,2024-02-11
213,Arjun Sharma,arjun.sharma213@example.com,9477358662,Lucknow,UP,2024-11-07
214,Varun Singh,varun.singh214@example.com,9943114262,Kolkata,WB,2023-11-21
215,Isha Patel,isha.patel215@example.com,9104754121,Bengaluru,KA,2024-03-17
216,Deepak Shetty,deepak.shetty216@example.com,9886101581,Lucknow,UP,2024-09-04
217,Arjun Kulkarni,arjun.kulkarni217@example.com,9046618398,Bengaluru,KA,2024-12-02
218,Varun Iyer,varun.iyer218@example.com,9244472126,Hyderabad,TS,2024-03-07
219,Neha Chopra,neha.chopra219@example.com,9154379937,Delhi,DL,2023-05-19
220,Neha Sharma,neha.sharma220@example.com,9659657569,Bengaluru,KA,2023-11-04
221,Arjun Pillai,arjun.pillai221@example.com,9375265479,Chennai,TN,2023-11-30
222,Varun Gupta,varun.gupta222@example.com,9651939828,Mumbai,MH,2024-04-17
223,Rohan Yadav,rohan.yadav223@example.com,9416724342,Kolkata,WB,2024-01-22
224,Rahul Yadav,rahul.yadav224@example.com,9979688680,Pune,MH,2024-12-19
225,Tanvi Pillai,tanvi.pillai225@example.com,9113529096,Pune,MH,2024-03-16
226,Sneha Sharma,sneha.sharma226@example.com,9143888993,Ahmedabad,GJ,2024-01-19
227,Varun Yadav,varun.yadav227@example.com,9982507146,Delhi,DL,2023-04-29
228,Vikram Ghosh,vikram.ghosh228@example.com,9457387571,Ahmedabad,GJ,2024-12-14
229,Deepak Das,deepak.das229@example.com,9140105123,Jaipur,RJ,2023-06-28
230,Tanvi Iyer,tanvi.iyer230@example.com,9586736226,Kolkata,WB,2023-01-30
231,Ritu Nair,ritu.nair231@example.com,9796603341,Lucknow,UP,2023-04-15
232,Tanvi Iyer,tanvi.iyer232@example.com,9553714785,Lucknow,UP,2024-02-02
233,Ritu Kulkarni,ritu.kulkarni233@example.com,9915579249,Lucknow,UP,2023-03-28
234,Vikram Das,vikram.das234@example.com,9134125286,Kolkata,WB,2024-09-02
235,Vikram Naidu,vikram.naidu235@example.com,9662782827,Hyderabad,TS,2023-05-24
236,Anita Das,anita.das236@example.com,9790507236,Jaipur,RJ,2024-06-01
237,Meera Bose,meera.bose237@example.com,9767721903,Hyderabad,TS,2023-02-03
238,Pooja Khan,pooja.khan238@example.com,9842797881,Lucknow,UP,2023-04-27
239,Pooja Shetty,pooja.shetty239@example.com,9580783613,Hyderabad,TS,2023-02-03
240,Deepak Gupta,deepak.gupta240@example.com,9517133959,Kolkata,WB,2023-06-19
241,Ritu Reddy,ritu.reddy241@example.com,9330958498,Bengaluru,KA,2023-11-28
242,Neha Mehta,neha.mehta242@example.com,9948126042,Bengaluru,KA,2023-09-13
243,Vikram Das,vikram.das243@example.com,9367294667,Delhi,DL,2024-10-10
244,Rahul Kulkarni,rahul.kulkarni244@example.com,9845775901,Ahmedabad,GJ,2024-10-12
245,Isha Singh,isha.singh245@example.com,9863637454,Pune,MH,2024-07-14
246,Aditya Reddy,aditya.reddy246@example.com,9975001701,Bengaluru,KA,2024-03-27
247,Deepak Sharma,deepak.sharma247@example.com,9632424154,Delhi,DL,2024-01-16
248,Anita Verma,anita.verma248@example.com,9643611037,Delhi,DL,2023-05-16
249,Aditya Khan,aditya.khan249@example.com,9870051627,Delhi,DL,2023-08-23
250,Varun Singh,varun.singh250@example.com,9115542622,Delhi,DL,2024-06-27
251,Aditya Sharma,aditya.sharma251@example.com,9927532697,Chennai,TN,2023-03-30
252,Sneha Reddy,sneha.reddy252@example.com,9196565234,Delhi,DL,2023-09-12
253,Tanvi Pillai,tanvi.pillai253@example.com,9994043898,Chennai,TN,2024-02-06
254,Neha Verma,neha.verma254@example.com,9376137918,Mumbai,MH,2024-01-05
255,Arjun Reddy,arjun.reddy255@example.com,9696582710,Lucknow,UP,2023-03-11
256,Amit Gupta,amit.gupta256@example.com,9300684866,Kolkata,WB,2023-03-26
257,Tanvi Shetty,tanvi.shetty257@example.com,9924141832,Jaipur,RJ,2023-12-01
258,Varun Naidu,varun.naidu258@example.com,9146303161,Ahmedabad,GJ,2024-09-18
259,Ritu Verma,ritu.verma259@example.com,9421020275,Jaipur,RJ,2024-06-13
260,Pooja Iyer,pooja.iyer260@example.com,9524105648,Delhi,DL,2023-09-27
261,Aditya Singh,aditya.singh261@example.com,9778507925,Bengaluru,KA,2023-09-19
262,Sneha Naidu,sneha.naidu262@example.com,9138000307,Pune,MH,2024-01-28
263,Vikram Iyer,vikram.iyer263@example.com,9086353654,Delhi,DL,2024-08-08
264,Isha Patel,isha.patel264@example.com,9802380617,Hyderabad,TS,2023-11-15
265,Arjun Singh,arjun.singh265@example.com,9870534949,Chennai,TN,2024-04-20
266,Isha Naidu,isha.naidu266@example.com,9738320603,Jaipur,RJ,2023-12-21
267,Amit Das,amit.das267@example.com,9064138367,Mumbai,MH,2023-05-26
268,Pooja Singh,pooja.singh268@example.com,9038657191,Jaipur,RJ,2023-05-17
269,Varun Singh,varun.singh269@example.com,9990623445,Kolkata,WB,2024-12-18
270,Arjun Das,arjun.das270@example.com,9743132912,Delhi,DL,2023-06-18
271,Deepak Yadav,deepak.yadav271@example.com,9561853747,Hyderabad,TS,2023-05-03
272,Rahul Iyer,rahul.iyer272@example.com,9490352135,Kolkata,WB,2024-06-09
273,Priya Mehta,priya.mehta273@example.com,9420678831,Ahmedabad,GJ,2023-04-15
274,Vikram Patel,vikram.patel274@example.com,9003236519,Lucknow,UP,2023-09-23
275,Rahul Sharma,rahul.sharma275@example.com,9137215107,Mumbai,MH,2023-06-22
276,Aditya Bose,aditya.bose276@example.com,9670662532,Hyderabad,TS,2023-10-14
277,Deepak Reddy,deepak.reddy277@example.com,9099934768,Ahmedabad,GJ,2023-03-04
278,Rahul Gupta,rahul.gupta278@example.com,9626383806,Pune,MH,2024-05-06
279,Tanvi Chopra,tanvi.chopra279@example.com,9598564205,Lucknow,UP,2023-08-13
280,Amit Gupta,amit.gupta280@example.com,9078593213,Chennai,TN,2023-09-30
281,Tanvi Verma,tanvi.verma281@example.com,9396522395,Pune,MH,2024-08-28
282,Amit Ghosh,amit.ghosh282@example.com,9992937842,Ahmedabad,GJ,2023-02-08
283,Rahul Verma,rahul.verma283@example.com,9393087059,Chennai,TN,2023-05-14
284,Arjun Iyer,arjun.iyer284@example.com,9500292185,Delhi,DL,2024-01-18
285,Varun Naidu,varun.naidu285@example.com,9154522675,Bengaluru,KA,2024-12-25
286,Tanvi Pillai,tanvi.pillai286@example.com,9539264422,Mumbai,MH,2024-12-19
287,Aditya Kulkarni,aditya.kulkarni287@example.com,9902959391,Ahmedabad,GJ,2023-05-25
288,Arjun Singh,arjun.singh288@example.com,9355215704,Chennai,TN,2023-09-13
289,Rahul Ghosh,rahul.ghosh289@example.com,9410067626,Ahmedabad,GJ,2024-01-23
290,Isha Shetty,isha.shetty290@example.com,9617932710,Hyderabad,TS,2023-01-21
291,Arjun Gupta,arjun.gupta291@example.com,9115262181,Pune,MH,2024-08-31
292,Ritu Chopra,ritu.chopra292@example.com,9062962015,Chennai,TN,2023-07-14
293,Kavya Shetty,kavya.shetty293@example.com,9844431069,Jaipur,RJ,2024-05-17
294,Vikram Verma,vikram.verma294@example.com,9506149731,Mumbai,MH,2023-07-31
295,Anita Mehta,anita.mehta295@example.com,9171467741,Jaipur,RJ,2024-02-01
296,Anita Ghosh,anita.ghosh296@example.com,9652704774,Chennai,TN,2023-10-03
297,Aditya Verma,aditya.verma297@example.com,9211586938,Mumbai,MH,2024-02-01
298,Sanjay Bose,sanjay.bose298@example.com,9879374160,Jaipur,RJ,2024-08-07
299,Sanjay Naidu,sanjay.naidu299@example.com,9921722332,Mumbai,MH,2024-03-09
300,Rahul Bose,rahul.bose300@example.com,9329451168,Kolkata,WB,2024-07-19
301,Arjun Gupta,arjun.gupta301@example.com,9870998616,Bengaluru,KA,2023-06-01
302,Aditya Naidu,aditya.naidu302@example.com,9911914856,Hyderabad,TS,2024-01-28
303,Meera Naidu,meera.naidu303@example.com,9970246299,Kolkata,WB,2023-02-09
304,Varun Das,varun.das304@example.com,9307450544,Hyderabad,TS,2024-05-18
305,Sneha Khan,sneha.khan305@example.com,9247546913,Ahmedabad,GJ,2023-08-05
306,Kavya Chopra,kavya.chopra306@example.com,9850821486,Bengaluru,KA,2024-06-20
307,Aditya Sharma,aditya.sharma307@example.com,9233030705,Chennai,TN,2023-10-08
308,Isha Yadav,isha.yadav308@example.com,9861035797,Bengaluru,KA,2024-04-30
309,Aditya Shetty,aditya.shetty309@example.com,9552414060,Bengaluru,KA,2024-08-08
310,Rohan Khan,rohan.khan310@example.com,9334680072,Bengaluru,KA,2024-09-07
311,Amit Khan,amit.khan311@example.com,9494466574,Chennai,TN,2024-04-22
312,Neha Bhat,neha.bhat312@example.com,9969108589,Lucknow,UP,2023-10-17
313,Neha Patel,neha.patel313@example.com,9715454443,Bengaluru,KA,2024-06-13
314,Karan Verma,karan.verma314@example.com,9965207446,Kolkata,WB,2024-02-02
315,Priya Naidu,priya.naidu315@example.com,9935387584,Bengaluru,KA,2024-11-04
316,Tanvi Iyer,tanvi.iyer316@example.com,9417248251,Chennai,TN,2023-12-30
317,Karan Mehta,karan.mehta317@example.com,9655494717,Mumbai,MH,2024-10-11
318,Aditya Naidu,aditya.naidu318@example.com,9917381684,Kolkata,WB,2023-02-25
319,Vikram Reddy,vikram.reddy319@example.com,9356972521,Ahmedabad,GJ,2023-12-07
320,Anita Das,anita.das320@example.com,9007432927,Delhi,DL,2023-05-13
321,Ritu Bose,ritu.bose321@example.com,9666760083,Pune,MH,2023-01-15
322,Arjun Bhat,arjun.bhat322@example.com,9300335421,Kolkata,WB,2024-05-30
323,Aditya Mehta,aditya.mehta323@example.com,9210447898,Pune,MH,2024-03-20
324,Vikram Das,vikram.das324@example.com,9753260332,Chennai,TN,2023-01-23
325,Aditya Bhat,aditya.bhat325@example.com,9215064890,Lucknow,UP,2023-02-19
326,Sneha Sharma,sneha.sharma326@example.com,9016761847,Bengaluru,KA,2023-07-30
327,Amit Mehta,amit.mehta327@example.com,9618499261,Jaipur,RJ,2024-09-24
328,Sneha Mehta,sneha.mehta328@example.com,9117393483,Pune,MH,2024-12-21
329,Kavya Mehta,kavya.mehta329@example.com,9208737530,Mumbai,MH,2024-11-18
330,Rahul Patel,rahul.patel330@example.com,9972181143,Ahmedabad,GJ,2023-10-31
331,Pooja Yadav,pooja.yadav331@example.com,9012045561,Delhi,DL,2023-02-16
332,Amit Reddy,amit.reddy332@example.com,9255794155,Bengaluru,KA,2023-04-27
333,Varun Kulkarni,varun.kulkarni333@example.com,9746762120,Bengaluru,KA,2023-04-17
334,Kavya Naidu,kavya.naidu334@example.com,9797296590,Bengaluru,KA,2024-05-09
335,Meera Patel,meera.patel335@example.com,9670145089,Lucknow,UP,2023-08-18
336,Arjun Bhat,arjun.bhat336@example.com,9891637562,Jaipur,RJ,2024-09-19
337,Priya Sharma,priya.sharma337@example.com,9287721753,Pune,MH,2023-10-12
338,Priya Bhat,priya.bhat338@example.com,9386631779,Ahmedabad,GJ,2023-04-01
339,Meera Yadav,meera.yadav339@example.com,9517016608,Jaipur,RJ,2023-01-01
340,Rahul Pillai,rahul.pillai340@example.com,9948837550,Chennai,TN,2024-04-10
341,Arjun Shetty,arjun.shetty341@example.com,9997571130,Pune,MH,2023-12-30
342,Neha Shetty,neha.shetty342@example.com,9851027261,Hyderabad,TS,2024-09-17
343,Rohan Nair,rohan.nair343@example.com,9163735160,Lucknow,UP,2023-05-07
344,Deepak Yadav,deepak.yadav344@example.com,9982708086,Lucknow,UP,2024-05-09
345,Sanjay Iyer,sanjay.iyer345@example.com,9922169958,Kolkata,WB,2024-03-04
346,Ritu Khan,ritu.khan346@example.com,9465472269,Jaipur,RJ,2023-11-03
347,Tanvi Das,tanvi.das347@example.com,9833394522,Jaipur,RJ,2024-07-09
348,Arjun Patel,arjun.patel348@example.com,9587996846,Mumbai,MH,2024-06-19
349,Sneha Sharma,sneha.sharma349@example.com,9620034244,Bengaluru,KA,2023-03-05
350,Neha Nair,neha.nair350@example.com,9805719838,Kolkata,WB,2023-09-01
351,Sanjay Mehta,sanjay.mehta351@example.com,9066658004,Chennai,TN,2024-09-27
352,Deepak Khan,deepak.khan352@example.com,9598933472,Delhi,DL,2023-07-11
353,Anita Bhat,anita.bhat353@example.com,9160648422,Lucknow,UP,2023-09-19
354,Amit Das,amit.das354@example.com,9720259094,Ahmedabad,GJ,2024-08-09
355,Tanvi Ghosh,tanvi.ghosh355@example.com,9158328182,Kolkata,WB,2024-07-10
356,Tanvi Kulkarni,tanvi.kulkarni356@example.com,9153355543,Lucknow,UP,2024-06-27
357,Meera Shetty,meera.shetty357@example.com,9015739930,Pune,MH,2024-01-26
358,Sneha Kulkarni,sneha.kulkarni358@example.com,9484085887,Ahmedabad,GJ,2023-02-14
359,Neha Nair,neha.nair359@example.com,9581128801,Chennai,TN,2024-11-17
360,Rohan Bose,rohan.bose360@example.com,9138612075,Mumbai,MH,2023-03-31
361,Rahul Verma,rahul.verma361@example.com,9248193466,Ahmedabad,GJ,2024-10-07
362,Varun Bose,varun.bose362@example.com,9506180919,Mumbai,MH,2024-12-18
363,Rahul Ghosh,rahul.ghosh363@example.com,9814491476,Kolkata,WB,2024-11-07
364,Amit Chopra,amit.chopra364@example.com,9283268424,Pune,MH,2023-01-12
365,Tanvi Shetty,tanvi.shetty365@example.com,9210099688,Delhi,DL,2023-11-09
366,Rohan Ghosh,rohan.ghosh366@example.com,9368222394,Chennai,TN,2023-04-28
367,Anita Naidu,anita.naidu367@example.com,9087814141,Chennai,TN,2024-08-17
368,Meera Das,meera.das368@example.com,9523149135,Ahmedabad,GJ,2024-04-06
369,Arjun Pillai,arjun.pillai369@example.com,9492995562,Mumbai,MH,2023-11-17
370,Karan Khan,karan.khan370@example.com,9645257775,Hyderabad,TS,2024-05-13
371,Tanvi Patel,tanvi.patel371@example.com,9291428341,Delhi,DL,2023-01-20
372,Sanjay Sharma,sanjay.sharma372@example.com,9996930848,Jaipur,RJ,2024-04-28
373,Vikram Ghosh,vikram.ghosh373@example.com,9639427881,Kolkata,WB,2024-01-08
374,Sanjay Sharma,sanjay.sharma374@example.com,9392827229,Lucknow,UP,2024-11-06
375,Vikram Chopra,vikram.chopra375@example.com,9503731453,Mumbai,MH,2024-11-15
376,Rohan Bhat,rohan.bhat376@example.com,9567700518,Hyderabad,TS,2023-09-27
377,Aditya Shetty,aditya.shetty377@example.com,9926659184,Kolkata,WB,2023-08-17
378,Sanjay Kulkarni,sanjay.kulkarni378@example.com,9557790827,Bengaluru,KA,2023-08-24
379,Rahul Bhat,rahul.bhat379@example.com,9432225913,Kolkata,WB,2023-12-05
380,Sneha Chopra,sneha.chopra380@example.com,9773926030,Bengaluru,KA,2024-08-10
381,Aditya Iyer,aditya.iyer381@example.com,9280920242,Jaipur,RJ,2024-02-20
382,Ritu Naidu,ritu.naidu382@example.com,9041379772,Chennai,TN,2024-02-25
383,Ritu Reddy,ritu.reddy383@example.com,9929842579,Lucknow,UP,2023-03-12
384,Karan Kulkarni,karan.kulkarni384@example.com,9621038862,Lucknow,UP,2023-04-09
385,Anita Chopra,anita.chopra385@example.com,9990881172,Lucknow,UP,2024-07-06
386,Amit Bose,amit.bose386@example.com,9865086376,Pune,MH,2024-08-26
387,Aditya Patel,aditya.patel387@example.com,9624731498,Kolkata,WB,2023-09-21
388,Rohan Sharma,rohan.sharma388@example.com,9098180635,Kolkata,WB,2024-01-06
389,Sneha Reddy,sneha.reddy389@example.com,9694486959,Hyderabad,TS,2024-11-27
390,Varun Nair,varun.nair390@example.com,9688725887,Hyderabad,TS,2023-11-11
391,Aditya Ghosh,aditya.ghosh391@example.com,9621372138,Kolkata,WB,2023-12-13
392,Tanvi Pillai,tanvi.pillai392@example.com,9026012796,Delhi,DL,2023-03-07
393,Pooja Khan,pooja.khan393@example.com,9519066984,Lucknow,UP,2023-02-28
394,Anita Chopra,anita.chopra394@example.com,9703843098,Jaipur,RJ,2024-12-16
395,Karan Pillai,karan.pillai395@example.com,9205302146,Pune,MH,2024-11-16
396,Varun Kulkarni,varun.kulkarni396@example.com,9938011848,Lucknow,UP,2023-12-23
397,Isha Gupta,isha.gupta397@example.com,9393769042,Kolkata,WB,2024-06-02
398,Sneha Shetty,sneha.shetty398@example.com,9184518489,Hyderabad,TS,2024-12-11
399,Deepak Kulkarni,deepak.kulkarni399@example.com,9973577907,Delhi,DL,2023-09-22
400,Rahul Kulkarni,rahul.kulkarni400@example.com,9335658804,Chennai,TN,2023-10-22
401,Rahul Kulkarni,rahul.kulkarni401@example.com,9518275539,Hyderabad,TS,2023-07-07
402,Rohan Chopra,rohan.chopra402@example.com,9333433339,Pune,MH,2023-06-09
403,Sneha Patel,sneha.patel403@example.com,9179080759,Pune,MH,2024-05-19
404,Aditya Gupta,aditya.gupta404@example.com,9728463920,Jaipur,RJ,2024-03-09
405,Meera Shetty,meera.shetty405@example.com,9085627187,Pune,MH,2024-12-06
406,Amit Sharma,amit.sharma406@example.com,9369155942,Jaipur,RJ,2023-09-27
407,Karan Gupta,karan.gupta407@example.com,9795527636,Pune,MH,2024-01-09
408,Varun Gupta,varun.gupta408@example.com,9729293143,Jaipur,RJ,2024-03-18
409,Varun Nair,varun.nair409@example.com,9227026728,Jaipur,RJ,2023-11-20
410,Meera Mehta,meera.mehta410@example.com,9489061203,Hyderabad,TS,2024-05-02
411,Sneha Yadav,sneha.yadav411@example.com,9545588450,Kolkata,WB,2023-05-05
412,Isha Pillai,isha.pillai412@example.com,9399824558,Ahmedabad,GJ,2024-04-02
413,Rahul Kulkarni,rahul.kulkarni413@example.com,9947225699,Kolkata,WB,2023-03-15
414,Rahul Iyer,rahul.iyer414@example.com,9535544964,Ahmedabad,GJ,2024-01-07
415,Aditya Bhat,aditya.bhat415@example.com,9762202341,Chennai,TN,2023-06-20
416,Varun Patel,varun.patel416@example.com,9117800681,Delhi,DL,2023-09-26
417,Ritu Reddy,ritu.reddy417@example.com,9164334722,Jaipur,RJ,2023-06-24
418,Amit Verma,amit.verma418@example.com,9557784872,Jaipur,RJ,2023-07-01
419,Aditya Pillai,aditya.pillai419@example.com,9796884578,Chennai,TN,2023-04-02
420,Deepak Mehta,deepak.mehta420@example.com,9564240082,Pune,MH,2023-10-21
421,Meera Shetty,meera.shetty421@example.com,9077406493,Mumbai,MH,2024-07-15
422,Isha Nair,isha.nair422@example.com,9686632663,Hyderabad,TS,2023-03-23
423,Kavya Khan,kavya.khan423@example.com,9894484631,Bengaluru,KA,2023-05-20
424,Neha Patel,neha.patel424@example.com,9797497350,Bengaluru,KA,2023-02-20
425,Tanvi Sharma,tanvi.sharma425@example.com,9214427031,Bengaluru,KA,2023-01-16
426,Meera Nair,meera.nair426@example.com,9564757051,Bengaluru,KA,2023-02-27
427,Pooja Kulkarni,pooja.kulkarni427@example.com,9187234601,Chennai,TN,2024-01-30
428,Deepak Khan,deepak.khan428@example.com,9037183764,Pune,MH,2023-06-12
429,Priya Shetty,priya.shetty429@example.com,9814743503,Delhi,DL,2023-08-30
430,Kavya Das,kavya.das430@example.com,9024916300,Lucknow,UP,2024-12-08
431,Meera Pillai,meera.pillai431@example.com,9251327195,Mumbai,MH,2023-03-03
432,Isha Reddy,isha.reddy432@example.com,9812735857,Chennai,TN,2023-01-22
433,Varun Ghosh,varun.ghosh433@example.com,9240778487,Chennai,TN,2024-08-03
434,Anita Shetty,anita.shetty434@example.com,9557498218,Bengaluru,KA,2024-04-05
435,Neha Gupta,neha.gupta435@example.com,9857086209,Pune,MH,2024-09-27
436,Karan Das,karan.das436@example.com,9186387829,Hyderabad,TS,2023-11-27
437,Kavya Das,kavya.das437@example.com,9118102203,Delhi,DL,2024-05-12
438,Rohan Patel,rohan.patel438@example.com,9096789940,Pune,MH,2023-08-15
439,Ritu Singh,ritu.singh439@example.com,9037170586,Pune,MH,2024-12-26
440,Priya Pillai,priya.pillai440@example.com,9480141381,Delhi,DL,2023-08-25
441,Tanvi Kulkarni,tanvi.kulkarni441@example.com,9338392886,Delhi,DL,2024-10-15
442,Aditya Ghosh,aditya.ghosh442@example.com,9761228685,Bengaluru,KA,2024-06-30
443,Ritu Yadav,ritu.yadav443@example.com,9558556659,Chennai,TN,2024-07-30
444,Tanvi Nair,tanvi.nair444@example.com,9684577600,Hyderabad,TS,2024-09-02
445,Amit Bhat,amit.bhat445@example.com,9240433504,Jaipur,RJ,2024-06-07
446,Tanvi Naidu,tanvi.naidu446@example.com,9921075224,Pune,MH,2024-08-19
447,Karan Khan,karan.khan447@example.com,9441969315,Ahmedabad,GJ,2023-06-27
448,Meera Naidu,meera.naidu448@example.com,9194096105,Pune,MH,2024-03-20
449,Kavya Patel,kavya.patel449@example.com,9390604805,Jaipur,RJ,2024-08-01
450,Vikram Das,vikram.das450@example.com,9832067998,Delhi,DL,2023-08-16
451,Kavya Mehta,kavya.mehta451@example.com,9622517908,Kolkata,WB,2023-09-26
452,Rahul Kulkarni,rahul.kulkarni452@example.com,9862278376,Lucknow,UP,2023-07-20
453,Tanvi Pillai,tanvi.pillai453@example.com,9833146591,Delhi,DL,2024-11-18
454,Kavya Bose,kavya.bose454@example.com,9553559042,Pune,MH,2024-09-23
455,Deepak Pillai,deepak.pillai455@example.com,9270335211,Mumbai,MH,2023-09-06
456,Ritu Reddy,ritu.reddy456@example.com,9405147705,Chennai,TN,2024-07-04
457,Rohan Nair,rohan.nair457@example.com,9884879206,Lucknow,UP,2024-11-10
458,Sanjay Verma,sanjay.verma458@example.com,9420439407,Mumbai,MH,2023-03-10
459,Varun Gupta,varun.gupta459@example.com,9510463681,Pune,MH,2024-05-11
460,Ritu Shetty,ritu.shetty460@example.com,9123878003,Jaipur,RJ,2023-11-09
461,Arjun Chopra,arjun.chopra461@example.com,9620555438,Hyderabad,TS,2023-03-05
462,Pooja Kulkarni,pooja.kulkarni462@example.com,9084325621,Kolkata,WB,2024-06-17
463,Ritu Khan,ritu.khan463@example.com,9639264957,Jaipur,RJ,2023-05-15
464,Rohan Reddy,rohan.reddy464@example.com,9983248262,Lucknow,UP,2023-06-11
465,Arjun Singh,arjun.singh465@example.com,9881252056,Kolkata,WB,2023-11-07
466,Deepak Gupta,deepak.gupta466@example.com,9231220994,Lucknow,UP,2024-08-03
467,Ritu Khan,ritu.khan467@example.com,9933051728,Lucknow,UP,2024-04-25
468,Isha Iyer,isha.iyer468@example.com,9677223306,Mumbai,MH,2023-10-04
469,Kavya Khan,kavya.khan469@example.com,9331279757,Chennai,TN,2024-03-13
470,Varun Verma,varun.verma470@example.com,9965699988,Mumbai,MH,2024-06-17
471,Sneha Yadav,sneha.yadav471@example.com,9703886086,Jaipur,RJ,2024-10-07
472,Priya Nair,priya.nair472@example.com,9476447264,Lucknow,UP,2023-02-25
473,Sanjay Reddy,sanjay.reddy473@example.com,9771812982,Kolkata,WB,2024-02-28
474,Arjun Yadav,arjun.yadav474@example.com,9027937145,Bengaluru,KA,2023-05-07
475,Rahul Patel,rahul.patel475@example.com,9751868926,Jaipur,RJ,2024-01-25
476,Priya Iyer,priya.iyer476@example.com,9592222064,Hyderabad,TS,2024-04-01
477,Neha Iyer,neha.iyer477@example.com,9123094077,Ahmedabad,GJ,2024-07-10
478,Amit Pillai,amit.pillai478@example.com,9733977671,Lucknow,UP,2024-09-06
479,Amit Khan,amit.khan479@example.com,9849830220,Pune,MH,2023-02-07
480,Vikram Verma,vikram.verma480@example.com,9994510162,Bengaluru,KA,2024-11-19
481,Neha Pillai,neha.pillai481@example.com,9998279501,Hyderabad,TS,2023-11-27
482,Isha Kulkarni,isha.kulkarni482@example.com,9168147214,Pune,MH,2024-06-23
483,Kavya Bhat,kavya.bhat483@example.com,9339019817,Lucknow,UP,2024-12-24
484,Neha Bose,neha.bose484@example.com,9954899529,Lucknow,UP,2024-05-23
485,Sanjay Chopra,sanjay.chopra485@example.com,9729343010,Ahmedabad,GJ,2024-10-02
486,Sneha Nair,sneha.nair486@example.com,9966055830,Chennai,TN,2024-12-07
487,Neha Gupta,neha.gupta487@example.com,9144885015,Pune,MH,2024-02-10
488,Aditya Pillai,aditya.pillai488@example.com,9023557702,Ahmedabad,GJ,2023-06-09
489,Deepak Shetty,deepak.shetty489@example.com,9576084958,Jaipur,RJ,2023-01-20
490,Rohan Naidu,rohan.naidu490@example.com,9551240568,Bengaluru,KA,2024-08-07
491,Ritu Kulkarni,ritu.kulkarni491@example.com,9291450461,Ahmedabad,GJ,2023-09-01
492,Isha Yadav,isha.yadav492@example.com,9438421503,Delhi,DL,2024-03-30
493,Sanjay Sharma,sanjay.sharma493@example.com,9782357845,Bengaluru,KA,2023-04-11
494,Sanjay Reddy,sanjay.reddy494@example.com,9307681040,Lucknow,UP,2023-03-31
495,Arjun Yadav,arjun.yadav495@example.com,9018409435,Chennai,TN,2023-07-17
496,Neha Gupta,neha.gupta496@example.com,9857142241,Mumbai,MH,2024-09-29
497,Tanvi Bhat,tanvi.bhat497@example.com,9138585424,Lucknow,UP,2023-09-08
498,Anita Singh,anita.singh498@example.com,9495870207,Mumbai,MH,2023-04-19
499,Varun Verma,varun.verma499@example.com,9166299795,Hyderabad,TS,2023-12-07
500,Rohan Shetty,rohan.shetty500@example.com,9179217174,Ahmedabad,GJ,2024-04-26
